[
  {
    "id": 1,
    "name": "Meteora bangle",
    "category": "Jewellery",
    "brand": "Kalyaan Jewellers",
    "price": 9999.99,
    "discount": 10,
    "stock": 50,
    "description": "The Subtle Trilogy Bracelet features an elegant rhodium-plated design with three round-cut white crystals.",
    "image": ["../images/bangle.png", "../images/bangle1.png", "../images/bangle2.png"],
    "tax": 12
  },
  {
    "id": 2,
    "name": "bracelet",
    "category": "Jewellery",
    "brand": "Kalyaan Jewellers",
    "price": 8499.99,
    "discount": 6,
    "stock": 100,
    "image": ["../images/bracelet.png", "../images/bracelet1.png"],
    "description": "The Meteora Bangle features a sleek, rhodium-plated design adorned with brilliant white crystals, combining modern elegance with timeless sophistication.",
    "tax": 12
  },
  {
    "id": 15,
    "name": "Necklace",
    "category": "Jewellery",
    "brand": "Swarovski Infinity",
    "price": 11000,
    "discount": 20,
    "stock": 10,
    "image": ["../images/necklace.png", "../images/necklace1.png"],
    "description": "The Swarovski Infinity necklace beautifully intertwines the timeless symbol of infinity with a delicate heart motif, adorned with dazzling white crystals and finished in a lustrous mixed metal. A symbol of eternal love and sophistication.",
    "tax": 12
  },
  {
    "id": 13,
    "name": "Potato Chips",
    "category": "Food",
    "brand": "Kurkure",
    "price": 20,
    "discount": 0,
    "stock": 100,
    "image": ["../images/chips.png", "../images/chips1.png"],
    "description": "Lay's India's Magic Masala Potato Chips (40g) offer a tantalizing fusion of spices, delivering an explosion of flavor in each crunchy chip. Ideal for quick indulgence, these chips are sure to spice up your snack time.",
    "tax": 5
  },
  {
    "id": 14,
    "name": "Solid Masti",
    "category": "Food",
    "brand": "Lays",
    "price": 20,
    "discount": 15,
    "stock": 10,
    "image": ["../images/masti.png", "../images/masti1.jpg"],
    "description": "Kurkure Solid Masti Masala Twisteez Crisps are a flavorful delight, blending a spicy kick with a satisfying crunch. Perfect for those craving an adventurous snack experience.",
    "tax": 5
  },
  {
    "id": 3,
    "name": "Veg Mayonnaise",
    "category": "Food",
    "brand": "Hellmann",
    "price": 800.99,
    "discount": 20,
    "stock": 30,
    "image": ["../images/mayo.png"],
    "description": "Hellmann's Veg Mayonnaise offers a creamy, delicious taste perfect for sandwiches, salads, and dips. Made with quality ingredients, it provides a plant-based alternative without compromising on flavor.",
    "tax": 5
  },
  {
    "id": 4,
    "name": "Kellogs Cornflakes",
    "category": "Food",
    "brand": "Nestle",
    "price": 199.99,
    "discount": 0,
    "stock": 20,
    "image": ["../images/cornflakes.png"],
    "description": "Kellogg's Corn Flakes with Immuno Nutrients provides a nutritious and delicious breakfast option, enriched with essential vitamins and minerals to support your immune system.",
    "tax": 5
  },
  {
    "id": 5,
    "name": "Watches",
    "category": "Electronics",
    "brand": "FitTech",
    "price": 1599.99,
    "discount": 20,
    "stock": 20,
    "image": ["../images/watch.png"],
    "description": "Smartwatch with a 1.3-inch AMOLED display, water-resistant design, fitness tracking features, and a stylish silver color.",
    "tax": 18
  },
  {
    "id": 6,
    "name": "Television",
    "category": "Electronics",
    "brand": "Samsung",
    "price": 15099.99,
    "discount": 0,
    "stock": 20,
    "image": ["../images/tv.png"],
    "description": "Smartwatch with a 1.3-inch AMOLED display, water-resistant design, fitness tracking features, and a stylish silver color.",
    "tax": 18
  },
  {
    "id": 7,
    "name": "Laptop",
    "category": "Electronics",
    "brand": "Dell",
    "price": 999.99,
    "discount": 12,
    "stock": 50,
    "description": "Powerful laptop with a quad-core i5 processor, 8GB RAM, 256GB SSD, and a 14-inch FHD display.",
    "image": ["../images/lapi.png"],
    "tax": 18
  },
  {
    "id": 8,
    "name": "Smartphone",
    "category": "Electronics",
    "brand": "TechGadget",
    "price": 499.99,
    "discount": 15,
    "stock": 100,
    "image": ["../images/iphone.png"],
    "description": "Feature-rich smartphone with a 6.2-inch screen, 12MP dual camera, 128GB storage, and a 4000mAh battery.",
    "tax": 18
  },
  {
    "id": 9,
    "name": "Wireless Headphones",
    "category": "Electronics",
    "brand": "SoundBeats",
    "price": 149.99,
    "discount": 0,
    "stock": 30,
    "image": ["../images/headphone.png"],
    "description": "High-quality wireless headphones with over-ear design, 20 hours of battery life, and a sleek black color.",
    "tax": 18
  },
  {
    "id": 10,
    "name": "Speakers",
    "category": "Electronics",
    "brand": "SoundBeats",
    "price": 5049.99,
    "discount": 20,
    "stock": 30,
    "image": ["../images/speakers.png"],
    "description": "High-quality wireless headphones with over-ear design, 20 hours of battery life, and a sleek black color.",
    "tax": 18
  },
  {
    "id": 11,
    "name": "Biscuit",
    "category": "Food",
    "brand": "Nutri Choice",
    "price": 18,
    "discount": 0,
    "stock": 20,
    "image": ["../images/biscuit.png"],
    "description": "Britannia NutriChoice Digestive High Fibre Biscuits offer a wholesome snacking experience with their rich fiber content, promoting digestive health. Enjoy a delicious blend of taste and nutrition in every crunchy bite.",
    "tax": 5
  },
  {
    "id": 12,
    "name": "Milkybar Choo",
    "category": "Food",
    "brand": "Nestle",
    "price": 40,
    "discount": 8,
    "stock": 10,
    "image": ["../images/sticks.png"],
    "description": "Indulge in the delightful sweetness of Milkybar Choo Strawberry Chocolate Pack. Each bite delivers a burst of creamy strawberry flavor, making it a perfect treat for all strawberry and chocolate lovers.",
    "tax": 5
  },
  {
    "id": 16,
    "name": "Earrings",
    "category": "Jewellery",
    "brand": "Swarovski Infinity",
    "price": 8999,
    "discount": 11,
    "stock": 15,
    "image": ["../images/earrings.png"],
    "description": "The Attract Trilogy hoop earrings feature a stunning round cut design, embellished with radiant white crystals, and elegantly plated in rhodium for a timeless shine. A chic accessory that adds sparkle to any ensemble.",
    "tax": 12
  },
  {
    "id": 17,
    "name": "Pendant",
    "category": "Jewellery",
    "brand": "Swarovski Infinity",
    "price": 22000,
    "discount": 0,
    "stock": 5,
    "image": ["../images/pendant.png"],
    "description": "The Hyperbola pendant showcases a captivating blend of mixed cuts, accentuated by a mesmerizing infinity motif, adorned with pristine white crystals, and finished with a brilliant rhodium plating. A statement piece exuding sophistication and allure.",
    "tax": 12
  }
]
